Location,Nickname,Markers,E1,E2,E3,E4,E5,Ew,Eh6,Eh7
Annobon,GoG_G7_21_Eh_AN,2,1,1,0,0,0,0,0,0
Annobon,GoG_G7_22_Eh_AN,2,0,0,0,0,1,0,0,0
Annobon,GoG_G7_23_Eh_AN,3,0,0,0,0,0,1,0,0
Annobon,GoG_G7_24_Eh_AN,3,0,0,0,0,0,1,0,0
Annobon,GoG_G7_25_Eh_AN,3,0,1,0,0,1,0,0,0
Annobon,GoG_G7_26_Eh_AN,3,0,1,1,0,0,1,0,0
Annobon,GoG_G7_27_Eh_AN,3,0,0,0,0,1,1,0,0
Annobon,GoG_G7_28_Eh_AN,3,0,0,1,0,1,1,0,0
Annobon,GoG_G7_29_Eh_AN,3,0,1,1,0,1,0,0,0
Annobon,GoG_G7_30_Eh_AN,3,0,0,0,0,1,0,0,0
Annobon,GoG_G7_31_Eh_AN,3,0,1,0,0,1,1,0,0
Annobon,GoG_G7_32_Eh_AN,2,0,1,0,0,1,1,0,0
Annobon,GoG_G7_33_Eh_AN,2,0,0,0,0,0,1,0,0
Annobon,GoG_G7_34_Eh_AN,3,0,0,0,0,0,1,0,0
Annobon,GoG_G7_35_Eh_AN,3,0,0,0,0,0,1,0,0
Annobon,GoG_G7_36_Eh_AN,3,0,1,0,0,1,0,0,0
Annobon,GoG_G7_37_Eh_AN,3,0,0,0,0,1,1,0,0
Annobon,GoG_G7_38_Eh_AN,3,0,0,0,0,0,1,0,0
Annobon,GoG_G7_39_Eh_AN,3,0,0,0,0,0,1,0,0
Annobon,GoG_G7_40_Eh_AN,2,0,0,0,0,1,0,0,0
Annobon,GoG_G7_41_Eh_AN,3,0,0,0,0,0,1,0,0
Annobon,GoG_G7_42_Eh_AN,2,0,0,0,0,1,0,0,0
Annobon,GoG_G7_43_Eh_AN,3,0,0,0,0,0,1,0,0
Annobon,GoG_G7_45_Eh_AN,3,1,1,0,0,1,0,0,0
Annobon,GoG_G7_46_Eh_AN,3,0,0,0,0,0,1,0,0
Annobon,GoG_G7_47_Eh_AN,3,0,1,0,0,0,0,0,1
Annobon,GoG_G7_49_Eh_AN,1,0,0,0,0,1,0,0,0
Annobon,GoG_G7_50_Eh_AN,3,1,0,0,0,0,1,0,0
Annobon,GoG_G7_51_Eh_AN,3,0,0,0,0,1,1,0,0
Annobon,GoG_G7_52_Eh_AN,3,0,0,0,0,1,0,0,0
Annobon,GoG_G7_53_Eh_AN,2,1,0,0,0,1,0,0,0
Annobon,GoG_G7_54_Eh_AN,3,0,0,0,0,1,0,0,0
Annobon,GoG_G7_55_Eh_AN,2,0,0,0,0,1,0,0,0
Annobon,GoG_G7_56_Eh_AN,3,0,0,0,0,1,0,0,0
Annobon,GoG_G7_57_Eh_AN,3,1,0,0,0,0,1,0,0
Annobon,GoG_G7_58_Eh_AN,1,0,0,0,1,0,0,0,0
Annobon,GoG_G7_59_Eh_AN,2,0,1,0,0,1,0,0,0
Annobon,GoG_G7_60_Eh_AN,3,1,1,0,0,0,0,0,0
Annobon,GoG_G7_62_Eh_AN,3,1,0,0,0,1,0,0,0
Annobon,GoG_G7_63_Eh_AN,3,0,0,0,0,0,1,0,0
Annobon,GoG_G7_64_Eh_AN,2,0,1,0,0,1,0,0,0
Annobon,GoG_G7_65_Eh_AN,3,0,0,1,0,1,1,0,0
Annobon,GoG_G7_66_Eh_AN,3,0,0,0,0,1,1,0,0
Annobon,GoG_G7_67_Eh_AN,2,0,0,0,0,1,1,0,0
Annobon,GoG_G7_68_Eh_AN,3,0,0,0,0,1,1,0,0
Annobon,GoG_G7_70_Eh_AN,3,0,0,0,0,0,1,0,0
Annobon,GoG_G7_71_Eh_AN,3,0,0,0,0,1,1,0,0
Annobon,GoG_G7_72_Eh_AN,2,0,0,1,0,0,0,0,0
Annobon,GoG_G7_73_Eh_AN,3,0,0,0,0,0,1,0,0
Annobon,GoG_G7_74_Eh_AN,3,1,0,0,0,0,1,0,0
Annobon,GoG_G7_75_Eh_AN,3,0,0,0,0,0,1,0,0
Annobon,GoG_G7_76_Eh_AN,3,0,1,0,0,0,0,0,0
Annobon,GoG_G7_77_Eh_AN,3,0,1,0,0,0,1,0,0
Annobon,GoG_G7_78_Eh_AN,3,0,0,0,0,0,1,0,0
Annobon,GoG_G7_79_Eh_AN,3,0,0,0,0,1,1,0,0
Annobon,GoG_G7_80_Eh_AN,3,0,1,0,0,1,1,0,0
Annobon,GoG_G7_81_Eh_AN,3,0,0,0,1,1,0,0,0
Annobon,GoG_G7_82_Eh_AN,2,1,0,0,0,0,1,0,0
Annobon,GoG_G7_83_Eh_AN,3,0,1,0,0,0,1,0,0
Annobon,GoG_G7_85_Eh_AN,3,0,0,0,0,0,1,0,0
Annobon,GoG_G7_86_Eh_AN,3,0,0,0,0,0,1,0,0
Annobon,GoG_G7_87_Eh_AN,3,0,0,0,0,1,1,0,0
Annobon,GoG_G7_88_Eh_AN,3,0,0,0,0,1,0,0,0
Annobon,GoG_G7_89_Eh_AN,3,1,0,0,1,0,0,0,0
Annobon,GoG_G7_90_Eh_AN,2,0,1,0,0,1,0,0,0
Annobon,GoG_G7_91_Eh_AN,2,0,1,0,0,0,0,0,0
Annobon,GoG_G7_92_Eh_AN,3,0,1,0,0,1,0,0,0
Annobon,GoG_G7_93_Eh_AN,3,1,0,0,0,0,1,0,0
Annobon,GoG_G8_1_Eh_AN,2,1,0,0,0,0,0,0,0
Annobon,GoG_G8_10_Eh_AN,3,0,1,0,0,0,1,0,0
Annobon,GoG_G8_11_Eh_AN,1,0,0,0,0,0,1,0,0
Annobon,GoG_G8_12_Eh_AN,2,0,0,0,1,0,1,0,0
Annobon,GoG_G8_13_Eh_AN,2,0,0,0,0,0,1,0,0
Annobon,GoG_G8_14_Eh_AN,1,0,0,0,0,0,1,0,0
Annobon,GoG_G8_15_Eh_AN,1,0,0,0,0,0,1,0,0
Annobon,GoG_G8_16_Eh_AN,2,0,0,0,0,1,0,0,0
Annobon,GoG_G8_17_Eh_AN,2,0,0,0,0,0,1,0,0
Annobon,GoG_G8_18_Eh_AN,2,0,0,0,0,1,0,0,0
Annobon,GoG_G8_19_Eh_AN,2,0,0,0,1,1,0,0,0
Annobon,GoG_G8_2_Eh_AN,2,0,0,0,0,0,1,0,0
Annobon,GoG_G8_21_Eh_AN,1,0,0,0,0,0,1,0,0
Annobon,GoG_G8_22_Eh_AN,2,0,1,0,0,1,0,0,0
Annobon,GoG_G8_25_Eh_AN,3,0,0,0,0,1,1,0,0
Annobon,GoG_G8_26_Eh_AN,2,0,0,0,0,0,1,0,0
Annobon,GoG_G8_27_Eh_AN,3,0,0,0,0,1,1,0,0
Annobon,GoG_G8_28_Eh_AN,2,0,0,0,0,0,1,0,0
Annobon,GoG_G8_29_Eh_AN,1,0,0,0,0,0,1,0,0
Annobon,GoG_G8_3_Eh_AN,1,0,0,0,1,0,0,0,0
Annobon,GoG_G8_30_Eh_AN,3,0,0,0,0,0,1,0,0
Annobon,GoG_G8_31_Eh_AN,2,0,0,0,1,0,1,0,0
Annobon,GoG_G8_32_Eh_AN,1,1,0,0,0,0,0,0,0
Annobon,GoG_G8_33_Eh_AN,3,0,1,0,1,1,0,0,0
Annobon,GoG_G8_34_Eh_AN,2,0,0,0,1,1,0,0,0
Annobon,GoG_G8_35_Eh_AN,2,0,0,0,0,1,0,0,0
Annobon,GoG_G8_36_Eh_AN,2,0,0,0,0,1,0,0,0
Annobon,GoG_G8_37_Eh_AN,2,0,1,1,0,0,0,0,0
Annobon,GoG_G8_38_Eh_AN,3,0,0,0,0,1,1,0,0
Annobon,GoG_G8_39_Eh_AN,3,0,0,0,1,1,0,0,0
Annobon,GoG_G8_4_Eh_AN,3,0,0,0,0,1,1,0,0
Annobon,GoG_G8_40_Eh_AN,3,0,0,0,0,1,0,0,0
Annobon,GoG_G8_41_Eh_AN,3,0,0,0,0,1,1,0,0
Annobon,GoG_G8_42_Eh_AN,3,0,0,0,0,1,0,0,0
Annobon,GoG_G8_44_Eh_AN,1,0,0,0,0,0,1,0,0
Annobon,GoG_G8_45_Eh_AN,1,0,0,0,0,0,1,0,0
Annobon,GoG_G8_46_Eh_AN,1,0,0,0,0,0,1,0,0
Annobon,GoG_G8_47_Eh_AN,1,0,0,0,0,1,0,0,0
Annobon,GoG_G8_48_Eh_AN,1,0,0,0,0,0,1,0,0
Annobon,GoG_G8_49_Eh_AN,2,0,0,0,0,0,1,0,0
Annobon,GoG_G8_5_Eh_AN,2,0,0,0,0,0,1,0,0
Annobon,GoG_G8_51_Eh_AN,2,0,0,0,0,1,0,0,0
Annobon,GoG_G8_52_Eh_AN,1,0,0,0,0,1,0,0,0
Annobon,GoG_G8_53_Eh_AN,2,0,0,1,0,1,1,0,0
Annobon,GoG_G8_54_Eh_AN,3,0,1,0,0,0,1,0,0
Annobon,GoG_G8_55_Eh_AN,2,0,1,0,0,0,0,0,0
Annobon,GoG_G8_56_Eh_AN,1,0,0,0,0,1,0,0,0
Annobon,GoG_G8_57_Eh_AN,2,0,0,0,0,1,0,0,0
Annobon,GoG_G8_58_Eh_AN,1,0,0,0,0,1,0,0,0
Annobon,GoG_G8_6_Eh_AN,3,0,0,0,0,0,1,0,0
Annobon,GoG_G8_7_Eh_AN,2,0,0,0,0,0,1,0,0
Annobon,GoG_G8_8_Eh_AN,2,0,0,0,0,0,1,0,0
Annobon,GoG_G8_9_Eh_AN,2,0,0,0,0,1,0,0,0
Bioko,GoG_G4_29_Eh_BI,2,0,0,0,0,1,0,0,0
Bioko,GoG_G4_30_Eh_BI,2,0,0,0,0,0,1,0,0
Bioko,GoG_G4_33_Eh_BI,3,0,0,0,0,0,1,0,0
Bioko,GoG_G4_38_Eh_BI,3,0,0,0,0,1,0,0,0
Bioko,GoG_G4_40_Eh_BI,1,0,0,0,0,1,0,0,0
Bioko,GoG_G4_41_Eh_BI,3,0,0,0,1,0,1,0,0
Bioko,GoG_G4_42_Eh_BI,1,0,0,0,0,0,0,0,1
Bioko,GoG_G4_44_Eh_BI,2,0,0,0,0,0,1,1,0
Bioko,GoG_G4_46_Eh_BI,2,0,0,0,0,0,1,0,0
Bioko,GoG_G4_47_Eh_BI,3,0,0,0,0,1,0,0,0
Bioko,GoG_G4_48_Eh_BI,2,0,0,0,0,1,0,0,0
Bioko,GoG_G4_49_Eh_BI,3,0,0,0,0,0,1,0,0
Bioko,GoG_G4_51_Eh_BI,2,0,0,0,0,0,1,0,0
Bioko,GoG_G4_53_Eh_BI,3,0,1,0,0,0,1,0,0
Bioko,GoG_G4_54_Eh_BI,3,0,0,0,1,1,0,0,0
Bioko,GoG_G4_57_Eh_BI,2,0,0,0,0,0,1,0,0
Bioko,GoG_G4_58_Eh_BI,3,0,0,0,0,1,0,0,0
Bioko,GoG_G4_62_Eh_BI,3,1,0,0,1,0,0,0,0
Bioko,GoG_G4_67_Eh_BI,2,0,0,0,0,0,1,0,0
Bioko,GoG_G4_68_Eh_BI,3,0,0,0,0,0,1,0,0
Bioko,GoG_G4_69_Eh_BI,3,0,0,1,0,0,1,0,0
Bioko,GoG_G4_74_Eh_BI,3,0,0,0,0,0,1,0,0
Bioko,GoG_G4_76_Eh_BI,3,0,0,0,0,0,1,0,0
Bioko,GoG_G4_77_Eh_BI,2,0,0,0,0,1,1,0,0
Bioko,GoG_G4_78_Eh_BI,3,0,0,0,0,0,1,0,0
Bioko,GoG_G4_79_Eh_BI,3,0,0,0,0,0,1,0,0
Bioko,GoG_G4_80_Eh_BI,1,0,0,0,1,0,0,0,0
Bioko,GoG_G4_83_Eh_BI,1,0,0,0,0,0,1,0,0
Bioko,GoG_G4_85_Eh_BI,3,1,0,0,0,1,0,0,0
Bioko,GoG_G4_87_Eh_BI,1,0,0,0,0,0,1,0,0
Bioko,GoG_G4_89_Eh_BI,1,0,0,0,0,0,1,0,0
Bioko,GoG_G4_90_Eh_BI,2,0,0,0,1,0,1,0,0
Bioko,GoG_G4_91_Eh_BI,3,0,0,0,0,0,1,0,0
Bioko,GoG_G6_1_Eh_BI,1,0,0,0,0,0,1,0,0
Bioko,GoG_G6_10_Eh_BI,1,0,0,0,0,1,0,0,0
Bioko,GoG_G6_11_Eh_BI,3,0,0,0,0,1,0,0,0
Bioko,GoG_G6_13_Eh_BI,2,0,0,0,1,0,0,0,0
Bioko,GoG_G6_14_Eh_BI,1,0,0,0,1,0,0,0,0
Bioko,GoG_G6_16_Eh_BI,1,0,0,0,0,0,1,0,0
Bioko,GoG_G6_18_Eh_BI,3,0,0,0,0,0,1,0,0
Bioko,GoG_G6_19_Eh_BI,3,0,0,0,0,0,1,0,0
Bioko,GoG_G6_2_Eh_BI,1,0,0,0,0,0,1,0,0
Bioko,GoG_G6_23_Eh_BI,1,0,1,0,0,0,0,0,0
Bioko,GoG_G6_25_Eh_BI,3,0,0,0,1,1,0,0,0
Bioko,GoG_G6_26_Eh_BI,3,0,0,0,1,1,0,0,0
Bioko,GoG_G6_27_Eh_BI,3,0,0,0,1,1,0,0,0
Bioko,GoG_G6_28_Eh_BI,3,0,0,0,1,0,1,0,0
Bioko,GoG_G6_3_Eh_BI,2,0,0,1,0,0,0,0,0
Bioko,GoG_G6_30_Eh_BI,1,0,0,0,0,0,1,0,0
Bioko,GoG_G6_31_Eh_BI,1,0,0,0,0,0,1,0,0
Bioko,GoG_G6_32_Eh_BI,1,0,0,0,0,0,1,0,0
Bioko,GoG_G6_33_Eh_BI,1,0,0,0,0,1,0,0,0
Bioko,GoG_G6_35_Eh_BI,3,0,0,0,1,1,0,0,0
Bioko,GoG_G6_37_Eh_BI,1,0,0,0,0,0,1,0,0
Bioko,GoG_G6_40_Eh_BI,3,0,0,0,1,1,0,0,0
Bioko,GoG_G6_41_Eh_BI,3,0,0,0,1,0,0,0,0
Bioko,GoG_G6_42_Eh_BI,2,0,0,0,0,0,1,0,0
Bioko,GoG_G6_43_Eh_BI,2,0,0,0,0,0,1,0,0
Bioko,GoG_G6_44_Eh_BI,1,0,0,0,1,0,0,0,0
Bioko,GoG_G6_45_Eh_BI,1,0,0,0,0,0,1,0,0
Bioko,GoG_G6_46_Eh_BI,2,0,0,0,0,0,1,0,0
Bioko,GoG_G6_47_Eh_BI,2,1,0,0,0,1,0,0,0
Bioko,GoG_G6_48_Eh_BI,2,0,0,0,0,0,1,0,0
Bioko,GoG_G6_49_Eh_BI,2,0,0,0,0,0,1,0,0
Bioko,GoG_G6_5_Eh_BI,1,0,0,1,0,0,0,0,0
Bioko,GoG_G6_50_Eh_BI,2,0,0,1,0,1,0,0,0
Bioko,GoG_G6_53_Eh_BI,3,0,0,0,0,1,0,0,0
Bioko,GoG_G6_56_Eh_BI,3,0,0,1,0,1,0,0,0
Bioko,GoG_G6_57_Eh_BI,2,0,0,0,0,1,0,0,0
Bioko,GoG_G6_58_Eh_BI,3,0,0,0,1,1,0,0,0
Bioko,GoG_G6_59_Eh_BI,2,0,0,0,0,1,0,0,0
Bioko,GoG_G6_6_Eh_BI,1,0,0,0,1,0,0,0,0
Bioko,GoG_G6_62_Eh_BI,2,0,0,0,0,0,1,0,0
Bioko,GoG_G6_63_Eh_BI,3,0,0,0,1,0,0,0,0
Bioko,GoG_G6_64_Eh_BI,2,0,0,0,0,0,1,0,0
Bioko,GoG_G6_65_Eh_BI,2,0,0,0,0,1,1,0,0
Bioko,GoG_G6_66_Eh_BI,1,0,0,1,0,0,0,0,0
Bioko,GoG_G6_68_Eh_BI,2,0,0,0,1,0,0,0,1
Bioko,GoG_G6_69_Eh_BI,1,0,0,0,0,0,1,0,0
Bioko,GoG_G6_7_Eh_BI,1,0,0,0,1,0,0,0,0
Bioko,GoG_G6_70_Eh_BI,2,0,0,0,0,0,1,0,0
Bioko,GoG_G6_71_Eh_BI,3,0,0,0,1,0,1,0,0
Bioko,GoG_G6_72_Eh_BI,2,0,0,0,1,0,1,0,0
Bioko,GoG_G6_74_Eh_BI,3,0,0,0,1,1,0,0,0
Bioko,GoG_G6_75_Eh_BI,2,0,0,0,0,0,1,0,0
Bioko,GoG_G6_78_Eh_BI,3,0,0,0,0,1,1,0,0
Bioko,GoG_G6_8_Eh_BI,2,0,0,0,1,1,0,0,0
Bioko,GoG_G6_80_Eh_BI,1,1,0,0,0,0,0,0,0
Bioko,GoG_G6_83_Eh_BI,2,0,0,0,0,0,1,0,0
Bioko,GoG_G6_84_Eh_BI,1,0,0,0,0,0,1,0,0
Bioko,GoG_G6_85_Eh_BI,2,0,0,0,0,1,1,0,0
Bioko,GoG_G6_86_Eh_BI,1,0,0,0,0,0,1,0,0
Bioko,GoG_G6_87_Eh_BI,2,0,0,0,0,0,1,0,0
Bioko,GoG_G6_88_Eh_BI,3,0,0,0,1,0,0,0,0
Bioko,GoG_G6_89_Eh_BI,3,0,0,1,0,1,0,0,0
Bioko,GoG_G6_9_Eh_BI,1,0,0,0,1,0,0,0,0
Bioko,GoG_G6_90_Eh_BI,2,0,0,0,1,1,0,0,0
Bioko,GoG_G6_91_Eh_BI,3,0,0,0,0,0,1,0,0
Bioko,GoG_G6_92_Eh_BI,3,0,0,0,1,0,0,0,0
Bioko,GoG_G6_93_Eh_BI,2,0,0,0,0,1,0,0,0
Bioko,GoG_G7_1_Eh_BI,1,0,0,0,0,1,0,0,0
Bioko,GoG_G7_10_Eh_BI,3,0,0,0,0,0,1,0,0
Bioko,GoG_G7_11_Eh_BI,3,0,0,0,0,1,0,0,0
Bioko,GoG_G7_12_Eh_BI,1,0,0,0,0,0,1,0,0
Bioko,GoG_G7_13_Eh_BI,3,0,0,0,1,0,0,0,0
Bioko,GoG_G7_15_Eh_BI,1,0,0,0,0,0,1,0,0
Bioko,GoG_G7_16_Eh_BI,1,0,0,0,0,0,1,0,0
Bioko,GoG_G7_17_Eh_BI,3,1,0,0,0,1,0,0,0
Bioko,GoG_G7_19_Eh_BI,3,0,0,0,0,0,1,0,0
Bioko,GoG_G7_2_Eh_BI,1,0,0,0,1,0,0,0,0
Bioko,GoG_G7_4_Eh_BI,2,0,0,0,0,1,0,0,0
Bioko,GoG_G7_6_Eh_BI,3,0,0,0,0,0,1,0,0
Bioko,GoG_G9_2_Eh_BI,1,0,1,0,0,0,1,0,0
Ghana,GoG_G10_1_Eh_GH,2,0,0,0,0,0,1,0,0
Ghana,GoG_G10_4_Eh_GH,3,0,0,0,0,0,1,0,0
Ghana,GoG_G10_5_Eh_GH,2,0,1,0,0,0,1,0,0
Ghana,GoG_G10_6_Eh_GH,3,0,0,0,0,0,1,0,0
Ghana,GoG_G10_7_Eh_GH,2,0,0,0,1,0,0,0,0
Ghana,GoG_G11_1_Eh_GH,3,0,1,0,1,0,0,0,0
Ghana,GoG_G11_10_Eh_GH,3,0,0,1,0,1,0,0,0
Ghana,GoG_G11_11_Eh_GH,1,0,0,1,0,0,0,0,0
Ghana,GoG_G11_12_Eh_GH,3,0,0,0,0,1,0,0,0
Ghana,GoG_G11_14_Eh_GH,3,0,0,1,0,0,1,0,0
Ghana,GoG_G11_16_Eh_GH,3,0,0,1,0,1,0,0,0
Ghana,GoG_G11_17_Eh_GH,3,0,0,0,0,0,1,0,0
Ghana,GoG_G11_18_Eh_GH,3,0,0,1,0,0,1,0,0
Ghana,GoG_G11_2_Eh_GH,3,0,0,0,0,0,1,0,0
Ghana,GoG_G11_4_Eh_GH,3,0,0,0,0,1,0,0,0
Ghana,GoG_G11_5_Eh_GH,1,0,0,0,1,0,0,0,0
Ghana,GoG_G11_6_Eh_GH,1,0,0,0,0,0,1,0,0
Ghana,GoG_G11_7_Eh_GH,3,0,0,0,0,1,0,0,0
Ghana,GoG_G11_9_Eh_GH,3,0,0,0,0,0,1,0,0
Ghana,GoG_G5_1_Eh_GH,2,0,1,0,0,1,1,0,0
Ghana,GoG_G5_10_Eh_GH,3,0,0,0,0,0,1,0,0
Ghana,GoG_G5_11_Eh_GH,3,0,0,0,0,0,1,0,0
Ghana,GoG_G5_12_Eh_GH,2,0,0,0,0,1,0,0,0
Ghana,GoG_G5_13_Eh_GH,3,0,0,0,1,0,0,0,0
Ghana,GoG_G5_14_Eh_GH,3,0,0,0,0,0,1,0,0
Ghana,GoG_G5_15_Eh_GH,3,0,0,0,0,1,0,0,0
Ghana,GoG_G5_2_Eh_GH,3,0,0,0,0,1,0,0,0
Ghana,GoG_G5_3_Eh_GH,3,0,0,0,1,1,0,0,0
Ghana,GoG_G5_4_Eh_GH,2,0,0,0,0,1,1,0,0
Ghana,GoG_G5_6_Eh_GH,3,0,0,0,0,0,1,0,0
Ghana,GoG_G5_8_Eh_GH,3,0,0,0,0,0,1,0,0
Ghana,GoG_G5_9_Eh_GH,1,0,0,0,1,0,0,0,0
Ghana,GoG_G8_67_Eh_GH,1,0,0,0,1,0,0,0,0
Ghana,GoG_G8_68_Eh_GH,2,0,1,0,0,0,0,0,0
Ghana,GoG_G8_69_Eh_GH,2,0,0,0,0,0,1,0,0
Ghana,GoG_G8_70_Eh_GH,3,0,0,0,0,0,1,0,0
Ghana,GoG_G8_71_Eh_GH,1,0,0,0,1,0,0,0,0
Ghana,GoG_G8_72_Eh_GH,2,0,0,0,0,0,1,0,0
Ghana,GoG_G8_73_Eh_GH,3,0,0,0,0,1,0,0,0
Ghana,GoG_G8_74_Eh_GH,1,0,0,0,1,0,0,0,0
Ghana,GoG_G8_76_Eh_GH,2,0,1,0,0,0,1,0,0
Ghana,GoG_G8_78_Eh_GH,2,0,0,0,1,0,0,0,0
Ghana,GoG_G8_80_Eh_GH,3,0,0,0,0,0,1,0,0
Ghana,GoG_G8_81_Eh_GH,3,0,0,0,0,0,1,0,0
Ghana,GoG_G8_82_Eh_GH,2,0,1,0,0,0,1,0,0
Ghana,GoG_G8_83_Eh_GH,2,0,0,0,1,0,0,0,0
Ghana,GoG_G8_84_Eh_GH,1,0,0,0,1,0,0,0,0
Ghana,GoG_G8_85_Eh_GH,3,0,0,0,0,0,1,0,0
Ghana,GoG_G8_86_Eh_GH,3,0,1,0,0,0,1,0,0
Ghana,GoG_G8_87_Eh_GH,3,0,0,0,1,1,0,0,0
Ghana,GoG_G8_89_Eh_GH,2,0,0,0,0,0,1,0,0
Ghana,GoG_G8_90_Eh_GH,3,0,0,0,0,1,0,0,0
Ghana,GoG_G8_91_Eh_GH,3,0,0,0,0,1,0,0,0
Ghana,GoG_G8_93_Eh_GH,3,0,0,1,0,1,0,0,0
Ghana,GoG_G9_10_Eh_GH,3,0,0,0,0,1,1,0,0
Ghana,GoG_G9_11_Eh_GH,1,0,0,0,0,0,1,0,0
Ghana,GoG_G9_12_Eh_GH,3,0,0,0,0,0,1,0,0
Ghana,GoG_G9_13_Eh_GH,1,0,1,0,0,0,0,0,0
Ghana,GoG_G9_14_Eh_GH,2,0,0,0,1,0,0,0,0
Ghana,GoG_G9_15_Eh_GH,3,0,0,0,0,0,1,0,0
Ghana,GoG_G9_16_Eh_GH,1,0,0,0,0,0,1,0,0
Ghana,GoG_G9_17_Eh_GH,2,0,0,0,0,1,0,0,0
Ghana,GoG_G9_18_Eh_GH,1,0,0,0,0,1,0,0,0
Ghana,GoG_G9_19_Eh_GH,2,0,0,0,0,1,0,0,0
Ghana,GoG_G9_20_Eh_GH,3,0,1,0,0,0,0,0,0
Ghana,GoG_G9_21_Eh_GH,2,0,0,0,1,0,0,0,0
Ghana,GoG_G9_22_Eh_GH,3,0,0,0,0,0,1,0,0
Ghana,GoG_G9_23_Eh_GH,2,0,0,1,0,0,1,0,0
Ghana,GoG_G9_24_Eh_GH,3,0,0,0,0,0,1,0,0
Ghana,GoG_G9_25_Eh_GH,2,0,0,0,0,1,0,0,0
Ghana,GoG_G9_27_Eh_GH,2,0,0,0,0,1,1,0,0
Ghana,GoG_G9_29_Eh_GH,2,0,0,0,1,0,0,0,0
Ghana,GoG_G9_30_Eh_GH,3,0,1,0,0,0,1,0,0
Ghana,GoG_G9_31_Eh_GH,1,0,0,1,0,0,0,0,0
Ghana,GoG_G9_32_Eh_GH,1,0,1,0,0,0,0,0,0
Ghana,GoG_G9_33_Eh_GH,1,0,0,0,1,0,0,0,0
Ghana,GoG_G9_34_Eh_GH,1,0,0,1,0,0,0,0,0
Ghana,GoG_G9_35_Eh_GH,2,0,0,1,0,0,1,0,0
Ghana,GoG_G9_36_Eh_GH,2,0,0,0,0,1,1,0,0
Ghana,GoG_G9_37_Eh_GH,3,0,0,0,0,0,1,0,0
Ghana,GoG_G9_38_Eh_GH,2,0,0,0,0,0,1,0,0
Ghana,GoG_G9_39_Eh_GH,1,0,0,0,1,0,0,0,0
Ghana,GoG_G9_4_Eh_GH,2,0,0,0,0,1,0,0,0
Ghana,GoG_G9_40_Eh_GH,1,0,0,0,0,0,1,0,0
Ghana,GoG_G9_41_Eh_GH,1,0,0,1,0,0,0,0,0
Ghana,GoG_G9_42_Eh_GH,1,0,0,0,1,0,0,0,0
Ghana,GoG_G9_43_Eh_GH,1,0,0,0,1,0,0,0,0
Ghana,GoG_G9_44_Eh_GH,1,0,0,0,1,0,0,0,0
Ghana,GoG_G9_46_Eh_GH,1,0,0,0,0,0,1,0,0
Ghana,GoG_G9_48_Eh_GH,2,0,0,0,0,0,1,0,0
Ghana,GoG_G9_49_Eh_GH,2,0,0,0,0,0,1,0,0
Ghana,GoG_G9_5_Eh_GH,3,0,1,0,0,0,0,0,0
Ghana,GoG_G9_50_Eh_GH,1,0,0,0,0,0,1,0,0
Ghana,GoG_G9_52_Eh_GH,1,0,0,0,0,1,0,0,0
Ghana,GoG_G9_53_Eh_GH,2,0,0,0,0,1,0,0,0
Ghana,GoG_G9_54_Eh_GH,1,0,0,0,1,0,0,0,0
Ghana,GoG_G9_55_Eh_GH,1,0,0,0,0,0,1,0,0
Ghana,GoG_G9_56_Eh_GH,2,0,0,0,1,0,0,0,0
Ghana,GoG_G9_57_Eh_GH,1,0,0,0,0,1,0,0,0
Ghana,GoG_G9_58_Eh_GH,2,1,0,0,0,0,1,0,0
Ghana,GoG_G9_59_Eh_GH,2,0,0,0,1,0,0,0,0
Ghana,GoG_G9_6_Eh_GH,1,0,0,0,1,0,0,0,0
Ghana,GoG_G9_60_Eh_GH,1,0,0,0,1,0,0,0,0
Ghana,GoG_G9_61_Eh_GH,1,0,1,0,0,0,0,0,0
Ghana,GoG_G9_62_Eh_GH,3,0,1,0,0,0,1,0,0
Ghana,GoG_G9_63_Eh_GH,1,0,0,0,1,0,0,0,0
Ghana,GoG_G9_64_Eh_GH,1,1,0,0,0,0,0,0,0
Ghana,GoG_G9_65_Eh_GH,1,0,0,0,0,0,1,0,0
Ghana,GoG_G9_66_Eh_GH,2,0,0,0,0,1,1,0,0
Ghana,GoG_G9_67_Eh_GH,2,0,0,0,0,0,1,0,0
Ghana,GoG_G9_68_Eh_GH,3,0,0,0,0,0,1,0,0
Ghana,GoG_G9_69_Eh_GH,1,0,0,0,1,0,0,0,0
Ghana,GoG_G9_7_Eh_GH,2,0,1,0,0,1,0,0,0
Ghana,GoG_G9_70_Eh_GH,3,0,0,0,0,0,1,0,0
Ghana,GoG_G9_71_Eh_GH,1,0,0,0,0,0,1,0,0
Ghana,GoG_G9_72_Eh_GH,1,0,0,0,1,0,0,0,0
Ghana,GoG_G9_73_Eh_GH,2,0,0,0,0,0,1,0,0
Ghana,GoG_G9_74_Eh_GH,1,0,0,0,1,0,0,0,0
Ghana,GoG_G9_77_Eh_GH,1,0,0,0,1,0,0,0,0
Ghana,GoG_G9_78_Eh_GH,2,0,0,0,1,0,0,0,0
Ghana,GoG_G9_79_Eh_GH,2,0,0,0,1,0,0,0,0
Ghana,GoG_G9_8_Eh_GH,2,0,0,0,0,0,1,0,0
Ghana,GoG_G9_80_Eh_GH,1,0,0,0,1,0,0,0,0
Ghana,GoG_G9_84_Eh_GH,1,0,0,0,0,1,0,0,0
Ghana,GoG_G9_85_Eh_GH,1,1,0,0,0,0,0,0,0
Ghana,GoG_G9_86_Eh_GH,1,0,0,0,0,0,1,0,0
Ghana,GoG_G9_87_Eh_GH,2,0,0,0,1,0,0,0,0
Ghana,GoG_G9_88_Eh_GH,1,0,0,0,0,0,1,0,0
Ghana,GoG_G9_91_Eh_GH,1,0,1,0,0,0,0,0,0
Ghana,GoG_G9_92_Eh_GH,1,0,0,0,0,0,1,0,0
Ghana,GoG_G9_93_Eh_GH,1,0,0,0,1,0,0,0,0
Principe,GoG_G1_1_Eh_PR,2,0,1,0,0,0,0,0,0
Principe,GoG_G1_20_Eh_PR,1,0,0,0,1,0,0,0,0
Principe,GoG_G1_22_Eh_PR,1,0,1,0,0,0,0,0,0
Principe,GoG_G1_3_Eh_PR,2,0,1,0,0,0,0,0,0
Principe,GoG_G1_4_Eh_PR,2,1,0,0,1,0,0,0,0
Principe,GoG_G1_41_Eh_PR,3,0,1,0,0,0,1,0,0
Principe,GoG_G1_5_Eh_PR,3,0,1,0,0,0,1,0,0
Principe,GoG_G1_6_Eh_PR,3,0,0,0,0,1,0,0,0
Principe,GoG_G1_7_Eh_PR,2,1,1,0,0,0,0,0,0
Principe,GoG_G2_12_Eh_PR,3,0,0,0,0,0,1,0,0
Principe,GoG_G2_16_Eh_PR,2,0,0,0,1,0,0,0,0
Principe,GoG_G2_18_Eh_PR,2,0,0,0,0,0,1,0,0
Principe,GoG_G2_3_Eh_PR,3,0,0,0,1,1,0,0,0
Principe,GoG_G2_31_Eh_PR,3,1,0,0,0,0,0,0,0
Principe,GoG_G2_4_Eh_PR,3,0,0,0,1,1,0,0,0
Principe,GoG_G2_44_Eh_PR,3,0,0,0,0,0,1,0,0
Principe,GoG_G2_52_Eh_PR,3,1,0,0,0,1,0,0,0
Principe,GoG_G2_54_Eh_PR,3,0,0,0,1,1,0,0,0
Principe,GoG_G2_71_Eh_PR,2,0,1,0,0,0,1,0,0
Principe,GoG_G2_72_Eh_PR,1,0,0,0,1,0,0,0,0
Principe,GoG_G2_73_Eh_PR,3,1,1,0,0,0,1,0,0
Principe,GoG_G2_74_Eh_PR,3,0,0,0,0,1,1,0,0
Principe,GoG_G2_76_Eh_PR,2,0,0,0,1,0,1,0,0
Principe,GoG_G2_77_Eh_PR,2,0,0,0,0,0,1,0,0
Principe,GoG_G2_81_Eh_PR,3,1,0,0,0,0,1,0,0
Principe,GoG_G2_82_Eh_PR,2,0,0,0,0,0,1,0,0
Principe,GoG_G2_83_Eh_PR,1,0,0,0,0,0,1,0,0
Principe,GoG_G3_12_Eh_PR,3,0,1,0,0,0,1,0,0
Principe,GoG_G3_16_Eh_PR,3,0,1,0,0,0,0,0,0
Principe,GoG_G3_17_Eh_PR,2,0,0,0,0,1,0,0,0
Principe,GoG_G3_19_Eh_PR,2,0,0,0,0,1,1,0,0
Principe,GoG_G3_21_Eh_PR,3,0,0,0,0,1,0,0,0
Principe,GoG_G3_22_Eh_PR,3,0,1,0,0,0,0,0,0
Principe,GoG_G3_23_Eh_PR,3,0,0,0,0,1,0,0,0
Principe,GoG_G3_25_Eh_PR,1,0,0,0,0,0,0,0,1
Principe,GoG_G3_26_Eh_PR,1,0,0,0,0,0,1,0,0
Principe,GoG_G3_27_Eh_PR,2,0,0,0,0,1,1,0,0
Principe,GoG_G3_28_Eh_PR,3,0,0,0,1,0,0,0,0
Principe,GoG_G3_37_Eh_PR,2,1,0,0,0,1,0,0,0
Principe,GoG_G3_38_Eh_PR,2,1,0,0,0,0,0,0,0
Principe,GoG_G3_44_Eh_PR,3,0,0,0,0,0,1,0,0
Principe,GoG_G3_45_Eh_PR,3,1,1,0,0,0,0,0,0
Principe,GoG_G3_54_Eh_PR,3,0,0,0,1,0,0,0,1
Principe,GoG_G3_55_Eh_PR,3,1,0,0,0,0,0,0,0
Principe,GoG_G3_66_Eh_PR,3,0,1,0,0,0,0,0,0
Principe,GoG_G3_70_Eh_PR,2,0,0,0,0,1,0,0,0
Principe,GoG_G3_71_Eh_PR,3,0,0,0,1,0,1,0,0
Principe,GoG_G3_72_Eh_PR,3,0,0,0,0,1,1,0,0
Principe,GoG_G3_75_Eh_PR,3,0,1,0,0,0,0,0,0
Principe,GoG_G3_76_Eh_PR,1,0,0,0,1,0,0,0,0
Principe,GoG_G3_78_Eh_PR,2,1,1,0,0,0,0,0,0
Principe,GoG_G3_79_Eh_PR,1,1,0,0,0,0,0,0,0
Principe,GoG_G3_8_Eh_PR,1,0,0,1,0,0,0,0,0
Principe,GoG_G3_80_Eh_PR,3,0,0,0,1,0,0,0,0
Principe,GoG_G3_81_Eh_PR,2,0,0,0,1,0,0,0,0
Principe,GoG_G3_82_Eh_PR,2,0,0,0,1,0,0,0,0
Principe,GoG_G3_83_Eh_PR,3,0,0,0,1,0,1,0,0
Principe,GoG_G3_84_Eh_PR,1,0,0,0,0,1,0,0,0
Principe,GoG_G3_85_Eh_PR,3,0,0,0,1,0,1,0,0
Principe,GoG_G3_93_Eh_PR,2,0,0,0,0,1,0,0,0
Principe,GoG_G4_15_Eh_PR,3,0,0,0,1,1,1,0,0
Principe,GoG_G4_16_Eh_PR,3,0,1,0,1,0,0,0,0
Principe,GoG_G4_20_Eh_PR,2,0,0,0,1,0,1,0,0
Principe,GoG_G4_21_Eh_PR,1,0,0,0,1,0,0,0,0
Principe,GoG_G4_22_Eh_PR,3,1,0,0,0,1,0,0,0
Principe,GoG_G4_3_Eh_PR,2,0,0,0,0,0,1,0,0
Principe,GoG_G8_66_Eh_PR,1,0,0,0,0,0,1,0,0
Sao Tome,GoG_G1_11_Eh_ST,2,0,0,0,1,1,0,0,0
Sao Tome,GoG_G1_12_Eh_ST,3,0,0,0,0,0,1,0,0
Sao Tome,GoG_G1_13_Eh_ST,3,0,0,0,0,1,0,0,0
Sao Tome,GoG_G1_14_Eh_ST,2,0,0,0,0,1,0,0,0
Sao Tome,GoG_G1_15_Eh_ST,2,0,1,0,0,0,0,0,0
Sao Tome,GoG_G1_16_Eh_ST,2,0,0,1,0,0,0,0,0
Sao Tome,GoG_G1_17_Eh_ST,1,0,0,1,0,0,0,0,0
Sao Tome,GoG_G1_18_Eh_ST,2,0,1,0,0,0,0,0,0
Sao Tome,GoG_G1_19_Eh_ST,2,1,1,0,0,0,0,0,0
Sao Tome,GoG_G1_2_Eh_ST,1,0,0,0,1,0,0,0,0
Sao Tome,GoG_G1_23_Eh_ST,1,0,0,0,0,0,1,0,0
Sao Tome,GoG_G1_24_Eh_ST,3,0,0,0,0,1,0,0,0
Sao Tome,GoG_G1_25_Eh_ST,3,0,1,0,0,0,1,0,0
Sao Tome,GoG_G1_27_Eh_ST,3,0,0,0,0,0,1,0,0
Sao Tome,GoG_G1_29_Eh_ST,3,0,0,0,0,1,0,0,0
Sao Tome,GoG_G1_30_Eh_ST,1,0,0,0,1,0,0,0,0
Sao Tome,GoG_G1_31_Eh_ST,2,0,0,0,0,1,0,0,0
Sao Tome,GoG_G1_32_Eh_ST,3,0,0,0,1,1,0,0,0
Sao Tome,GoG_G1_33_Eh_ST,1,0,0,0,1,0,0,0,0
Sao Tome,GoG_G1_34_Eh_ST,1,0,0,0,0,0,1,0,0
Sao Tome,GoG_G1_35_Eh_ST,3,0,0,0,0,1,0,0,0
Sao Tome,GoG_G1_36_Eh_ST,3,0,0,0,0,1,0,0,0
Sao Tome,GoG_G1_38_Eh_ST,3,0,0,1,0,1,0,0,0
Sao Tome,GoG_G1_39_Eh_ST,1,0,0,0,0,0,1,0,0
Sao Tome,GoG_G1_40_Eh_ST,1,0,0,0,0,0,1,0,0
Sao Tome,GoG_G1_42_Eh_ST,3,1,1,0,0,0,0,0,0
Sao Tome,GoG_G1_8_Eh_ST,3,0,0,0,0,1,0,0,0
Sao Tome,GoG_G1_9_Eh_ST,1,0,0,0,0,0,1,0,0
Sao Tome,GoG_G2_1_Eh_ST,2,0,0,0,0,0,1,0,0
Sao Tome,GoG_G2_19_Eh_ST,3,0,0,0,0,0,1,0,0
Sao Tome,GoG_G2_2_Eh_ST,3,0,0,0,0,0,1,0,1
Sao Tome,GoG_G2_20_Eh_ST,3,0,0,0,1,0,0,0,0
Sao Tome,GoG_G2_23_Eh_ST,3,0,0,0,0,1,0,0,0
Sao Tome,GoG_G2_24_Eh_ST,3,0,0,0,0,0,1,0,0
Sao Tome,GoG_G2_26_Eh_ST,3,0,1,0,0,0,0,0,0
Sao Tome,GoG_G2_27_Eh_ST,2,0,0,0,0,1,0,0,0
Sao Tome,GoG_G2_33_Eh_ST,3,0,1,0,0,0,0,0,0
Sao Tome,GoG_G2_34_Eh_ST,2,1,0,0,0,0,0,0,0
Sao Tome,GoG_G2_35_Eh_ST,1,0,0,0,0,0,1,0,0
Sao Tome,GoG_G2_36_Eh_ST,3,0,0,0,0,1,0,0,0
Sao Tome,GoG_G2_37_Eh_ST,3,0,1,0,0,0,1,0,0
Sao Tome,GoG_G2_38_Eh_ST,3,0,0,0,1,0,0,0,0
Sao Tome,GoG_G2_39_Eh_ST,2,0,0,0,0,0,1,0,0
Sao Tome,GoG_G2_40_Eh_ST,2,0,0,0,0,1,0,0,0
Sao Tome,GoG_G2_42_Eh_ST,2,0,0,0,0,1,0,0,0
Sao Tome,GoG_G2_45_Eh_ST,2,1,0,0,0,0,1,0,0
Sao Tome,GoG_G2_46_Eh_ST,2,0,1,0,0,1,0,0,0
Sao Tome,GoG_G2_47_Eh_ST,2,0,1,0,0,0,0,0,0
Sao Tome,GoG_G2_48_Eh_ST,2,0,1,0,0,0,0,0,0
Sao Tome,GoG_G2_49_Eh_ST,1,0,1,0,0,0,0,0,0
Sao Tome,GoG_G2_5_Eh_ST,3,0,0,0,0,0,1,0,0
Sao Tome,GoG_G2_50_Eh_ST,3,0,1,0,0,1,0,0,0
Sao Tome,GoG_G2_51_Eh_ST,3,0,0,0,0,0,1,0,0
Sao Tome,GoG_G2_53_Eh_ST,1,0,1,0,0,0,0,0,0
Sao Tome,GoG_G2_58_Eh_ST,2,0,1,0,0,1,0,0,0
Sao Tome,GoG_G2_59_Eh_ST,2,0,0,0,0,1,0,0,0
Sao Tome,GoG_G2_6_Eh_ST,2,1,1,0,0,0,0,0,0
Sao Tome,GoG_G2_60_Eh_ST,3,0,0,0,1,0,0,0,0
Sao Tome,GoG_G2_62_Eh_ST,2,0,0,0,0,1,0,0,1
Sao Tome,GoG_G2_63_Eh_ST,3,0,0,0,0,0,1,0,0
Sao Tome,GoG_G2_64_Eh_ST,3,0,1,0,0,0,0,0,0
Sao Tome,GoG_G2_65_Eh_ST,2,0,0,1,0,0,1,0,0
Sao Tome,GoG_G2_66_Eh_ST,3,0,0,0,0,1,0,0,0
Sao Tome,GoG_G2_67_Eh_ST,3,0,0,0,0,0,1,0,0
Sao Tome,GoG_G2_68_Eh_ST,3,0,0,1,0,1,0,0,0
Sao Tome,GoG_G2_7_Eh_ST,3,0,0,0,0,1,0,0,0
Sao Tome,GoG_G2_70_Eh_ST,3,0,1,0,0,0,0,0,0
Sao Tome,GoG_G2_79_Eh_ST,3,0,1,0,0,1,0,0,0
Sao Tome,GoG_G2_8_Eh_ST,3,0,1,0,0,0,1,0,0
Sao Tome,GoG_G2_80_Eh_ST,2,0,0,1,0,1,0,0,0
Sao Tome,GoG_G2_84_Eh_ST,3,0,0,0,1,0,0,0,1
Sao Tome,GoG_G2_85_Eh_ST,1,0,0,0,1,0,0,0,0
Sao Tome,GoG_G2_86_Eh_ST,2,0,1,0,0,0,1,0,0
Sao Tome,GoG_G2_87_Eh_ST,3,1,1,0,0,1,0,0,0
Sao Tome,GoG_G2_88_Eh_ST,1,0,0,0,0,1,0,0,0
Sao Tome,GoG_G2_89_Eh_ST,1,0,0,0,0,0,1,0,0
Sao Tome,GoG_G2_90_Eh_ST,2,0,0,0,0,1,0,0,0
Sao Tome,GoG_G2_91_Eh_ST,3,1,1,0,0,0,1,0,0
Sao Tome,GoG_G2_92_Eh_ST,3,0,0,0,1,1,0,0,0
Sao Tome,GoG_G2_93_Eh_ST,1,0,0,0,1,0,0,0,0
Sao Tome,GoG_G2_94_Eh_ST,2,0,0,0,0,0,1,0,0
Sao Tome,GoG_G3_2_Eh_ST,3,0,1,0,0,0,0,0,0
Sao Tome,GoG_G3_30_Eh_ST,3,0,1,0,1,0,1,0,0
Sao Tome,GoG_G3_31_Eh_ST,2,0,0,0,1,0,0,0,0
Sao Tome,GoG_G3_32_Eh_ST,3,0,0,0,0,0,1,0,0
Sao Tome,GoG_G3_33_Eh_ST,3,0,0,0,1,1,0,0,0
Sao Tome,GoG_G3_34_Eh_ST,1,0,0,0,0,0,1,0,0
Sao Tome,GoG_G3_35_Eh_ST,3,0,0,0,0,0,1,0,0
Sao Tome,GoG_G3_4_Eh_ST,3,0,0,0,0,1,0,0,0
Sao Tome,GoG_G3_42_Eh_ST,1,0,0,0,1,0,0,0,0
Sao Tome,GoG_G3_43_Eh_ST,3,0,0,0,0,0,1,0,0
Sao Tome,GoG_G3_47_Eh_ST,2,1,0,0,0,0,0,0,0
Sao Tome,GoG_G3_48_Eh_ST,2,1,0,0,0,0,1,0,0
Sao Tome,GoG_G3_49_Eh_ST,2,0,0,0,0,1,0,0,0
Sao Tome,GoG_G3_5_Eh_ST,3,0,0,0,1,0,1,0,0
Sao Tome,GoG_G3_50_Eh_ST,3,0,1,0,0,0,0,0,0
Sao Tome,GoG_G3_51_Eh_ST,2,0,0,0,0,1,0,0,0
Sao Tome,GoG_G3_52_Eh_ST,3,0,1,0,0,0,1,0,0
Sao Tome,GoG_G3_53_Eh_ST,3,0,0,0,0,1,0,0,0
Sao Tome,GoG_G3_56_Eh_ST,1,0,0,0,1,0,0,0,0
Sao Tome,GoG_G3_58_Eh_ST,3,0,1,0,0,0,0,0,1
Sao Tome,GoG_G3_59_Eh_ST,3,0,1,0,1,0,0,0,0
Sao Tome,GoG_G3_6_Eh_ST,3,0,0,0,1,1,0,0,0
Sao Tome,GoG_G3_60_Eh_ST,3,1,0,0,0,0,0,0,0
Sao Tome,GoG_G3_61_Eh_ST,2,0,0,0,0,1,1,0,0
Sao Tome,GoG_G3_62_Eh_ST,2,0,0,0,0,1,0,0,0
Sao Tome,GoG_G3_63_Eh_ST,2,0,1,0,1,0,0,0,0
Sao Tome,GoG_G3_64_Eh_ST,2,0,1,0,0,0,1,0,0
Sao Tome,GoG_G3_67_Eh_ST,2,0,0,0,0,1,0,0,0
Sao Tome,GoG_G3_69_Eh_ST,2,0,0,0,0,0,1,0,0
Sao Tome,GoG_G3_7_Eh_ST,3,0,0,0,1,0,0,0,0
Sao Tome,GoG_G3_74_Eh_ST,2,0,1,0,1,0,0,0,0
Sao Tome,GoG_G3_77_Eh_ST,3,0,1,0,0,0,0,0,0
Sao Tome,GoG_G3_86_Eh_ST,3,0,0,0,0,1,1,0,0
Sao Tome,GoG_G3_87_Eh_ST,2,0,1,0,0,1,0,0,0
Sao Tome,GoG_G3_88_Eh_ST,2,0,1,0,0,0,0,0,0
Sao Tome,GoG_G3_89_Eh_ST,3,0,0,0,0,1,0,0,0
Sao Tome,GoG_G3_90_Eh_ST,3,0,1,0,0,1,0,0,0
Sao Tome,GoG_G3_91_Eh_ST,2,0,1,0,0,1,0,0,0
Sao Tome,GoG_G3_92_Eh_ST,2,0,1,0,0,0,1,0,0
Sao Tome,GoG_G4_1_Eh_ST,3,1,1,0,0,0,0,0,0
Sao Tome,GoG_G4_10_Eh_ST,2,0,0,0,1,1,0,0,0
Sao Tome,GoG_G4_11_Eh_ST,2,0,0,0,0,0,1,0,0
Sao Tome,GoG_G4_12_Eh_ST,2,0,1,0,0,0,1,0,0
Sao Tome,GoG_G4_13_Eh_ST,2,0,1,0,0,0,1,0,0
Sao Tome,GoG_G4_14_Eh_ST,3,1,1,0,1,0,0,0,0
Sao Tome,GoG_G4_17_Eh_ST,2,1,1,0,0,0,0,0,0
Sao Tome,GoG_G4_18_Eh_ST,2,0,0,0,0,0,1,0,0
Sao Tome,GoG_G4_19_Eh_ST,3,0,0,0,1,0,1,0,0
Sao Tome,GoG_G4_2_Eh_ST,3,0,0,0,0,0,1,0,0
Sao Tome,GoG_G4_23_Eh_ST,3,1,0,0,1,0,0,0,0
Sao Tome,GoG_G4_24_Eh_ST,3,1,0,0,1,0,0,0,0
Sao Tome,GoG_G4_25_Eh_ST,1,1,0,0,0,0,0,0,0
Sao Tome,GoG_G4_27_Eh_ST,3,1,0,0,0,0,0,0,0
Sao Tome,GoG_G4_4_Eh_ST,1,0,0,0,1,0,0,0,0
Sao Tome,GoG_G4_6_Eh_ST,3,0,0,0,0,1,0,0,0
Sao Tome,GoG_G4_7_Eh_ST,2,0,0,0,0,1,0,0,0